date,cpi,roccpi,roccpi_bps,gdp,rocgdp,rocgdp_bps,10y2yr,roc10_2,10y2y_bps,10y,roc10y,10y_bps,vehicle_sales,roc_vs,vs_bps,wti,rocwti,rocwti_bps,dxy,rocdxy,rocdxy_bps,conjob_claims,rocjobclaims,rocjob_bps,Indust Prod Index,rocIndust_Prod,rocIndPro_bps,m2vel,roc_m2vel,rocm2vel_bps,vix
1/1/1957,28.7,,,2992.219,,,,,,,,,,,,,,,,,,,,,22.76535,,,,,,
4/1/1957,28.9,,,2985.663,,,,,,,,,,,,,,,,,,,,,22.47733333,,,,,,
7/1/1957,29.1,,,3014.919,,,,,,,,,,,,,,,,,,,,,22.5604,,,,,,
10/1/1957,29.3,,,2983.727,,,,,,,,,,,,,,,,,,,,,21.6096,,,,,,
1/1/1958,29.5,2.787456446,,2906.274,-2.872283078,,,,,,,,,,,,,,,,,,,,20.39113333,-10.42908045,,,,,
4/1/1958,29.6,2.422145329,-36.53111173,2925.379,-2.019116022,85.31670561,,,,,,,,,,,,,,,,,,,20.0496,-10.80080674,-37.17262867,,,,
7/1/1958,29.7,2.06185567,-36.02896586,2993.068,-0.724762423,129.4353599,,,,,,,,,,,,,,,,,,,21.11113333,-6.423940474,437.6866265,,,,
10/1/1958,29.9,2.04778157,-1.407410014,3063.085,2.659693732,338.4456155,,,,,,,,,,,,,,,,,,,22.06193333,2.093205489,851.7145963,,,,
1/1/1959,30,1.694915254,-35.28663157,3121.936,7.420566677,476.0872945,,,,,,,,,,,,,,,,,,,23.03116667,12.94696715,1085.376166,1.773,,,
4/1/1959,30.2,2.027027027,33.21117728,3192.38,9.127056699,170.6490022,,,,,,,,,,,,,,,,,,,24.14813333,20.44197058,749.5003434,1.789,,,
7/1/1959,30.3,2.02020202,-0.682500682,3194.653,6.735062484,-239.1994215,,,,,,,,,,,,,,,,,,,23.1604,9.707042414,-1073.492817,1.773,,,
10/1/1959,30.5,2.006688963,-1.351305699,3203.759,4.592559462,-214.2503022,,,,,,,,,,,,,,,,,,,23.2712,5.481236156,-422.5806257,1.779,,,
1/1/1960,30.6,2,-0.668896321,3275.757,4.927102926,33.45434638,,,,,,,,,,,,,,,,,,,24.6743,7.134390355,165.3154199,1.817,2.481669487,,
4/1/1960,30.7,1.655629139,-34.43708609,3258.088,2.05827627,-286.8826656,,,,,,,,,,,,,,,,,,,24.1389,-0.03823622,-717.2626575,1.797,0.447177194,-203.4492293,
7/1/1960,30.6,0.99009901,-66.55301292,3274.029,2.484651698,42.63754273,,,,,,,,,,,,,,,,,,,23.74196667,2.511038957,254.9275177,1.78,0.394811055,-5.236613925,
10/1/1960,30.7,0.655737705,-33.4361305,3232.009,0.881776688,-160.287501,,,,,,,,,,,,,,,,,,,23.16966667,-0.436304674,-294.7343631,1.737,-2.360876897,-275.5687952,
1/1/1961,30.9,0.980392157,32.46544519,3253.826,-0.669494105,-155.1270793,,,,,,,,,,,,,,,,,,,22.8189,-7.519564891,-708.3260217,1.723,-5.173362686,-281.2485789,
4/1/1961,31,0.977198697,-0.319345979,3309.059,1.564445159,223.3939264,,,,,,,,,,,,,,,,,,,23.72346667,-1.721011866,579.8553025,1.724,-4.062326099,111.1036587,
7/1/1961,31.1,1.633986928,65.6788231,3372.581,3.010113838,144.5668679,,,,,,,,,,,,,,,,,,,24.48043333,3.110385408,483.1397274,1.733,-2.640449438,142.1876661,
10/1/1961,31.2,1.628664495,-0.532243299,3438.721,6.395774269,338.5660431,,,,,,,,,,,,,,,,,,,25.3389,9.362384727,625.199932,1.742,0.287852619,292.8302058,
1/1/1962,31.3,1.294498382,-33.41661132,3500.054,7.567337651,117.1563382,,,,3.86,,,,,,,,,,,,,,,25.7174,12.70218985,333.9805124,1.746,1.334881021,104.7028402,
4/1/1962,31.4,1.290322581,-0.417580123,3531.683,6.727713226,-83.96244251,,,,4,,,,,,,,,,,,,,,25.9666,9.455335364,-324.6854487,1.728,0.232018561,-110.286246,
7/1/1962,31.5,1.286173633,-0.41489472,3575.07,6.003977369,-72.37358568,,,,3.94,,,,,,,,,,,,,,,26.24353333,7.202078395,-225.325697,1.726,-0.403923832,-63.5942393,
10/1/1962,31.6,1.282051282,-0.412235139,3586.827,4.307008332,-169.6969037,,,,3.85,,,,,,,,,,,,,,,26.46506667,4.444418134,-275.766026,1.701,-2.353616533,-194.9692701,
1/1/1963,31.7,1.277955272,-0.409601049,3625.981,3.597858776,-70.91495566,,,,3.95,2.331606218,,,,,,,,,,,,,,26.9543,4.809584173,36.51660381,1.69,-3.207331042,-85.37145097,
4/1/1963,31.8,1.27388535,-0.406992125,3666.669,3.82214372,22.42849443,,,,4,0,-233.1606218,,,,,,,,,,,,,27.66513333,6.541223469,173.1639297,1.675,-3.06712963,14.02014128,
7/1/1963,31.9,1.26984127,-0.404408048,3747.278,4.816912676,99.47689557,,,,4.07,3.299492386,329.9492386,,,,,,,,,,,,,27.84973333,6.12036489,-42.08585792,1.68,-2.665121669,40.2007961,
10/1/1963,32.1,1.582278481,31.24372112,3771.845,5.158263836,34.13511601,,,,4.14,7.532467532,423.2975147,,,,,,,,,,,,,28.32046667,7.01075128,89.03863898,1.672,-1.704879483,96.02421859,
1/1/1964,32.2,1.577287066,-0.499141477,3851.366,6.215835108,105.7571272,,,,4.23,7.088607595,-44.38599375,,,,,,,,,,,,,28.7082,6.506939524,-50.38117561,1.685,-0.295857988,140.9021494,
4/1/1964,32.3,1.572327044,-0.496002222,3893.296,6.18073243,-3.510267735,,,,4.15,3.75,-333.8607595,,,,,,,,,,,,,29.38206667,6.206127087,-30.0812437,1.679,0.23880597,53.46639583,
7/1/1964,32.3,1.253918495,-31.84085487,3954.121,5.519819987,-66.09124438,,,,4.18,2.702702703,-104.7297297,,,,,,,,,,,,,29.85283333,7.192528474,98.64013877,1.674,-0.357142857,-59.59488273,
10/1/1964,32.5,1.246105919,-0.781257629,3966.335,5.15636247,-36.34575168,,,,4.21,1.690821256,-101.1881447,,,,,,,,,,,,,30.30516667,7.008005989,-18.45224856,1.653,-1.136363636,-77.92207792,
1/1/1965,32.6,1.242236025,-0.386989416,4062.311,5.477147589,32.07851188,,,,4.2,-0.709219858,-240.0041114,,,,,,,,,,,,,31.4498,9.549884702,254.1878713,1.668,-1.008902077,12.74615592,
4/1/1965,32.7,1.238390093,-0.384593197,4113.629,5.659292281,18.21446922,,,,4.2,1.204819277,191.4039135,,,,,,,,,,,,,32.17903333,9.51929862,-3.058608214,1.669,-0.595592615,41.33094625,
7/1/1965,32.8,1.547987616,30.95975232,4205.086,6.346922616,68.76303348,,,,4.35,4.066985646,286.2166369,,,,,,,,,,,,,32.85286667,10.04940905,53.01104257,1.68,0.358422939,95.40155537,
10/1/1965,33,1.538461538,-0.952607764,4301.973,8.462169736,211.524712,,,,4.65,10.45130641,638.4320767,,,,,,,,,,,,,33.51753333,10.6000627,55.06536501,1.693,2.41984271,206.1419771,
1/1/1966,33.1,1.533742331,-0.471920717,4406.693,8.477489784,1.532004748,,,,4.71,12.14285714,169.155073,,,,,,,,,,,,,34.47753333,9.627194238,-97.2868458,1.713,2.697841727,27.79990164,
4/1/1966,33.5,2.44648318,91.27408491,4421.747,7.490174734,-98.73150497,,,,4.97,18.33333333,619.047619,,,,,,,,,,,,,35.19753333,9.380331499,-24.68627381,1.712,2.57639305,-12.14486769,
7/1/1966,33.8,3.048780488,60.22973074,4459.195,6.042896626,-144.7278108,,,,5.02,15.40229885,-293.1034483,,,,,,,,,,,,,35.74213333,8.794564858,-58.57666416,1.733,3.154761905,57.8368855,
10/1/1966,34.1,3.333333333,28.45528455,4495.777,4.505002705,-153.7893921,,,,4.64,-0.215053763,-1561.735261,,,,,,,,,,,,,36.08366667,7.656092433,-113.8472425,1.744,3.012404017,-14.23578882,
1/1/1967,34.3,3.625377644,29.20443102,4535.591,2.925050599,-157.9952105,,,,4.5,-4.458598726,-424.3544963,,,,,,,,,,1268000,,,35.88486667,4.081885208,-357.4207225,1.739,1.51780502,-149.4598996,
4/1/1967,34.6,3.28358209,-34.1795554,4538.37,2.637486948,-28.75636511,,,,5.22,5.030181087,948.8779813,,,,,,,,,,1220000,,,35.73863333,1.537323638,-254.456157,1.708,-0.23364486,-175.144988,
7/1/1967,35,3.550295858,26.67137684,4581.309,2.738476339,10.09893913,,,,5.31,5.77689243,74.67113438,,,,,,,,,,1157000,,,35.98446667,0.67800467,-85.93189677,1.694,-2.250432776,-201.6787916,
10/1/1967,35.4,3.812316716,26.20208576,4615.853,2.670862011,-6.761432817,,,,5.7,22.84482759,1706.793516,,,,,,,,,,1167000,,,36.94736667,2.393603754,171.5599084,1.69,-3.096330275,-84.58974997,
1/1/1968,35.8,4.373177843,56.0861127,4709.993,3.845187981,117.432597,,,,5.76,28,515.5172414,,,,,,,,,,1119000,-11.75078864,,37.47476667,4.430558471,203.6954717,1.715,-1.380103508,171.6226767,
4/1/1968,36.2,4.624277457,25.10996141,4788.688,5.515592603,167.0404622,,,,5.64,8.045977011,-1995.402299,,,,,,,,,,1038000,-14.91803279,-316.7244143,37.97996667,6.271457871,184.08994,1.733,1.463700234,284.3803742,
7/1/1968,36.7,4.857142857,23.28654005,4825.799,5.336684341,-17.8908262,,,,5.49,3.389830508,-465.6146503,,,,,,,,,,1048000,-9.420916162,549.7116624,38.2747,6.364505425,9.304755404,1.73,2.12514758,66.14473455,
10/1/1968,37.2,5.084745763,22.76029056,4844.779,4.959560021,-37.712432,,,,6.16,8.070175439,468.034493,,,,,,,,,,1116000,-4.370179949,505.0736214,38.8559,5.165546304,-119.8959121,1.722,1.893491124,-23.16564554,
1/1/1969,37.8,5.586592179,50.18464161,4920.605,4.471599002,-48.79610183,,,,6.3,9.375,130.4824561,,,,,,,,,,1041000,-6.970509383,-260.0329435,39.6118,5.702592767,53.70464627,1.737,1.282798834,-61.06922904,
4/1/1969,38.3,5.801104972,21.45127936,4935.564,3.067144905,-140.4454098,,,,6.73,19.32624113,995.1241135,,,,,,,,,,1021000,-1.637764933,533.2744451,39.78466667,4.751715597,-95.08771694,1.749,0.923254472,-35.95443618,
7/1/1969,38.9,5.994550409,19.34454363,4968.164,2.950081427,-11.70634779,,,,7.51,36.79417122,1746.793009,,,,,,,,,,1086000,3.625954198,526.3719131,40.26226667,5.1928994,44.11838026,1.774,2.543352601,162.0098129,
10/1/1969,39.4,5.913978495,-8.05719141,4943.935,2.046656824,-90.34246032,,,,7.88,27.92207792,-887.2093298,,,,,,,,,,1304000,16.84587814,1321.992394,40.00983333,2.969776362,-222.3123038,1.773,2.961672474,41.83198727,
1/1/1970,40.1,6.084656085,17.067759,4936.594,0.324939718,-172.1717106,,,,7.08,12.38095238,-1554.112554,,,,,,,,,,1537000,47.64649376,3080.061562,39.0405,-1.442247007,-441.2023369,1.789,2.993667242,3.19947685,
4/1/1970,40.8,6.527415144,44.27590589,4943.6,0.162818272,-16.21214461,,,,7.68,14.11589896,173.4946579,,,,,,,,,,1866000,82.76199804,3511.550429,38.82576667,-2.410225045,-96.79780376,1.804,3.144654088,15.09868457,
7/1/1970,41.3,6.16966581,-35.77493338,4989.159,0.42259072,25.9772448,,,,7.29,-2.92942743,-1704.532639,,,,,,,,,,2092000,92.6335175,987.1519454,38.68673333,-3.913175943,-150.2950898,1.795,1.183765502,-196.0888586,
10/1/1970,42,6.598984772,42.93189618,4935.693,-0.166709312,-58.93000311,,,,6.5,-17.51269036,-1458.326293,,,,,,,,,,2147000,64.64723926,-2798.627823,37.8504,-5.397256508,-148.4080565,1.752,-1.184433164,-236.8198666,
1/1/1971,42.2,5.236907731,-136.2077041,5069.746,2.697244294,286.3953606,,,,5.53,-21.89265537,-437.9965012,,,,,,,,,,2157000,40.33832141,-2430.891786,38.58016667,-1.179117412,421.8139096,1.77,-1.062045836,12.23873285,
4/1/1971,42.8,4.901960784,-33.49469464,5097.179,3.106622704,40.93784098,,,,6.7,-12.76041667,913.2238701,,,,,,,120.19,,,2172000,16.39871383,-2393.960758,38.9296,0.267434084,144.6551496,1.736,-3.76940133,-270.7355495,
7/1/1971,43,4.11622276,-78.5738024,5139.128,3.005897387,-10.07253174,,,,6,-17.69547325,-493.5056584,,,,,,,118.76,,,2233000,6.739961759,-965.8752067,39.04963333,0.938047668,67.06135846,1.717,-4.3454039,-57.60025693,
10/1/1971,43.3,3.095238095,-102.0984665,5151.245,4.367208414,136.1311028,,,,5.89,-9.384615385,831.0857866,,,,,,,114.65,,,2037000,-5.123428039,-1186.33898,39.9548,5.559782724,462.1735055,1.69,-3.538812785,80.65911143,
1/1/1972,43.6,3.317535545,22.22974498,5245.974,3.476071582,-89.1136832,,,,6.12,10.66907776,2005.369314,,,,,,,109.6,,,1877000,-12.98099212,-785.756408,41.64956667,7.955901348,239.6118625,1.696,-4.18079096,-64.19781751,
4/1/1972,44,2.803738318,-51.37972273,5365.045,5.255181346,177.9109764,,,,6.15,-8.208955224,-1887.803298,,,,,,,108.62,-9.626424827,,1871000,-13.85819521,-87.72030931,42.44373333,9.02689299,107.0991641,1.703,-1.900921659,227.9869301,
7/1/1972,44.3,3.023255814,21.95174962,5415.712,5.381924716,12.67433692,,,,6.54,9,1720.895522,,,,,,,108.76,-8.42034355,120.6081277,1763000,-21.0479176,-718.9722388,42.98423333,10.07589487,104.9001876,1.679,-2.213162493,-31.22408337,
10/1/1972,44.6,3.002309469,-2.094634513,5506.396,6.894469201,151.2544486,,,,6.41,8.82852292,-17.14770798,,,,,,,109.9,-4.143044047,427.7299503,1663000,-18.36033382,268.7583775,44.4884,11.34682191,127.0927043,1.673,-1.00591716,120.7245333,
1/1/1973,45,3.211009174,20.86997055,5642.669,7.561894131,66.74249295,,,,6.73,9.967320261,113.8797341,,,,,,,109.01,-0.538321168,360.4722879,1547000,-17.58124667,77.9087154,45.749,9.842679436,-150.4142473,1.694,-0.117924528,88.79926315,
4/1/1973,45.4,3.181818182,-2.919099249,5704.098,6.319667403,-124.2226728,,,,6.94,12.84552846,287.8208194,,,,,,,101.43,-6.619407107,-608.1085939,1571000,-16.03420631,154.7040363,46.13126667,8.688051318,-115.4628118,1.711,0.469759248,58.76837767,
7/1/1973,46,3.837471783,65.56536015,5674.1,4.771080885,-154.8586518,,,,6.9,5.504587156,-734.0941299,,,,,,,92.91,-14.57337256,-795.3965456,1658000,-5.955757232,1007.844907,46.52906667,8.246822284,-44.12290337,1.711,1.905896367,143.6137118,
10/1/1973,46.7,4.708520179,87.10483961,5727.96,4.0237571,-74.73237847,,,,6.9,7.644305772,213.9718616,,,,,,,95.06,-13.50318471,107.018785,1805000,8.538785328,1449.454256,47.2238,6.148569065,-209.8253219,1.739,3.945008966,203.9112599,
1/1/1974,47.6,5.777777778,106.9257598,5678.713,0.638775728,-338.4981372,,,,7.41,10.10401189,245.9706115,,,,,,,105.9,-2.852949271,1065.023544,2062000,33.29023917,2475.145384,46.80723333,2.313128884,-383.5440181,1.725,1.829988194,-211.5020772,
4/1/1974,49,7.929515419,215.1737641,5692.21,-0.208411567,-84.71872949,,,,7.64,10.08645533,-1.755655566,,,,,,,98.49,-2.898550725,-4.560145393,2074000,32.01782304,-127.241613,46.83483333,1.525140577,-78.79883073,1.748,2.162478083,33.24898894,
7/1/1974,50.7,10.2173913,228.7875886,5638.411,-0.628980808,-42.0569241,,,,7.94,15.07246377,498.6008437,,,,,,,100.54,8.212248412,1111.079914,2306000,39.08323281,706.5409768,46.65023333,0.260410697,-126.472988,1.764,3.097603741,93.51256575,
10/1/1974,52,11.3490364,113.1645098,5616.526,-1.945439563,-131.6458756,,,,7.4,7.246376812,-782.6086957,,,,,,,101.26,6.522196507,-169.0051905,3396000,88.14404432,4906.081151,44.79833333,-5.136110746,-539.6521443,1.781,2.415181139,-68.24226019,
1/1/1975,53,11.34453782,-0.449858744,5548.156,-2.299059664,-35.36201006,,,,8.01,8.097165992,85.07891803,,,,,,,95.61,-9.716713881,-1623.891039,4310000,109.0203686,2087.632425,41.8382,-10.61595181,-547.9841062,1.766,2.376811594,-3.836954438,
4/1/1975,53.8,9.795918367,-154.8619448,5587.8,-1.83426121,46.47984541,,,,7.96,4.188481675,-390.8684317,,,,,,,95.39,-3.147527668,656.9186213,4090000,97.20347155,-1181.689702,41.2733,-11.87477981,-125.8828003,1.741,-0.400457666,-277.726926,
7/1/1975,54.5,7.495069034,-230.0849334,5683.444,0.798682466,263.2943675,,,,8.48,6.801007557,261.2525881,,,,,,,101.25,0.706186592,385.371426,3851000,66.9991327,-3020.433886,42.28676667,-9.35357951,252.1200301,1.739,-1.41723356,-101.6775894,
10/1/1975,55.5,6.730769231,-76.42998028,5759.972,2.553998682,175.5316216,,,,7.76,4.864864865,-193.6142692,,,,,,,101.61,0.345644875,-36.05417178,3072000,-9.540636042,-7653.976874,43.20913333,-3.547453402,580.6126108,1.75,-1.740595171,-32.33616112,
1/1/1976,56.5,6.603773585,-12.69956459,5889.5,6.152386487,359.8387805,,,,7.66,-4.369538077,-923.4402942,13.378,,,,,,103.88,8.649722832,830.4077958,2830000,-34.3387471,-2479.811106,44.53793333,6.452795133,1000.024854,1.752,-0.792751982,94.78431894,
4/1/1976,57.2,6.319702602,-28.40709827,5932.711,6.17257239,2.018590324,,,,7.86,-1.256281407,311.325667,13.051,,,,,,106.23,11.36387462,271.4151788,3035000,-25.79462103,854.4126073,45.10713333,9.288894596,283.6099463,1.731,-0.574382539,21.83694431,
7/1/1976,58.2,6.788990826,46.92882235,5965.265,4.958630718,-121.3941672,1.22,,,7.55,-10.96698113,-971.0699725,13.61,,,,,,106.56,5.244444444,-611.9430176,3103000,-19.42352636,637.109467,45.7101,8.095519244,-119.3375352,1.717,-1.265094882,-69.07123433,
10/1/1976,58.9,6.126126126,-66.28646996,6008.504,4.314812641,-64.38180761,1.47,,,6.81,-12.24226804,-127.5286909,14.527,,,,,,105.94,4.261391595,-98.30528491,2822000,-8.138020833,1128.550552,46.53463333,7.696289519,-39.92297254,1.699,-2.914285714,-164.9190832,
1/1/1977,60,6.194690265,6.856413936,6079.494,3.225978436,-108.8834205,1.41,,,7.42,-3.133159269,910.9108772,15.17,13.39512633,,,,,105.54,1.59799769,-266.3393906,2671000,-5.618374558,251.9646275,47.5001,6.650884864,-104.5404655,1.689,-3.595890411,-68.16046967,
4/1/1977,61,6.643356643,44.86663779,6197.686,4.46633925,124.0360814,1.12,,,7.2,-8.396946565,-526.3787296,14.952,14.56593364,117.080731,,,,104.39,-1.732090746,-333.0088436,2616000,-13.80560132,-818.722676,48.9719,8.56797225,191.7087386,1.701,-1.733102253,186.2788158,
7/1/1977,61.8,6.18556701,-45.7789633,6309.514,5.770891989,130.4552739,0.59,-51.63934426,,7.41,-1.854304636,654.2641929,14.65,7.641440118,-692.4493522,,,,102.86,-3.472222222,-174.0131476,2581000,-16.82242991,-301.6828589,49.5006,8.29247803,-27.54942198,1.713,-0.232964473,150.013778,
10/1/1977,62.7,6.451612903,26.60458929,6309.652,5.012029617,-75.88623722,0.56,-61.9047619,-1026.541764,7.78,14.24375918,1609.806381,15.175,4.460659462,-318.0780656,,,,100.96,-4.700774023,-122.8551801,2461000,-12.79234585,403.0084053,49.82193333,7.064200928,-122.8277102,1.715,0.94173043,117.4694903,
1/1/1978,63.8,6.333333333,-11.82795699,6329.791,4.117069611,-89.49600053,0.45,-68.08510638,-618.0344478,8.15,9.838274933,-440.5484245,15.166,-0.026367831,-448.7027293,,,,96.64,-8.432821679,-373.2047656,2473000,-7.41295395,537.9391904,49.6832,4.595990324,-246.8210604,1.713,1.420959147,47.92287178,
4/1/1978,65.2,6.885245902,55.19125683,6574.39,6.078139486,196.1069875,0.14,-87.5,-1941.489362,8.62,19.72222222,988.394729,16.348,9.336543606,936.2911437,,,,95.62,-8.401187853,3.163382574,2249000,-14.02905199,-661.6098038,51.68256667,5.535147026,93.91567023,1.78,4.644326867,322.3367719,
7/1/1978,66.7,7.928802589,104.3556687,6640.497,5.245776458,-83.23630287,-0.14,-123.7288136,-3622.881356,8.56,15.51956815,-420.2654071,14.641,-0.061433447,-939.7977053,,,,90.94,-11.58856698,-318.7379131,2217000,-14.10306083,-7.400884137,52.13316667,5.318252035,-21.68949918,1.795,4.786923526,14.25966594,
10/1/1978,68,8.452950558,52.41479692,6729.755,6.658100954,141.2324496,-0.83,-248.2142857,-12448.54722,9.15,17.6092545,208.9686348,15.338,1.074135091,113.5568538,,,,83.07,-17.71988906,-613.1322081,2289000,-6.98902885,711.4031979,53.06623333,6.511790657,119.3538622,1.822,6.239067055,145.2143529,
1/1/1979,69.8,9.404388715,95.14381565,6741.854,6.509898984,-14.82019699,-0.61,-235.5555556,1265.873016,9.11,11.7791411,-583.0113394,15.275,0.71871291,-35.5422181,,,,88.86,-8.050496689,966.9392376,2335000,-5.580266882,140.8761968,53.29096667,7.261542466,74.97518093,1.832,6.946876824,70.78097689,
4/1/1979,71.3,9.355828221,-4.856049387,6749.063,2.656870067,-385.3028917,-0.16,-214.2857143,2126.984127,8.81,2.204176334,-957.496477,12.744,-22.04551015,-2276.422306,,,,89.98,-5.898347626,215.2149063,2282000,1.467318808,704.7585691,53.17606667,2.889755862,-437.1786604,1.835,3.08988764,-385.6989184,
7/1/1979,73.3,9.895052474,53.92242529,6799.2,2.389926537,-26.69435299,-0.66,371.4285714,58571.42857,9.44,10.28037383,807.6197498,14.292,-2.383716959,1966.179319,,,,87.31,-3.991642841,190.6704785,2426000,9.427153811,795.9835003,53.02726667,1.715031058,-117.4724804,1.846,2.841225627,-24.86620137,
10/1/1979,75.7,11.32352941,142.8476938,6816.203,1.284563851,-110.5362686,-0.9,8.43373494,-36299.48365,10.33,12.89617486,261.5801032,13.496,-12.00938845,-962.5671491,,,,88.95,7.078367642,1107.001048,2725000,19.04761905,962.0465236,53.23036667,0.309299008,-140.573205,1.857,1.920965971,-92.02596553,
1/1/1980,78.6,12.60744986,128.3920445,6837.641,1.420781287,13.62174354,-1.99,226.2295082,21779.57733,12.64,38.74862788,2585.245302,12.077,-20.93617021,-892.678176,,,,86.14,-3.060994823,-1013.936247,2866000,22.74089936,369.328031,53.44613333,0.291168797,-1.813021088,1.869,2.019650655,9.868468356,
4/1/1980,81,13.60448808,99.70382218,6696.753,-0.775070554,-219.5851841,1.12,-800,-102622.9508,10.09,14.52894438,-2421.96835,10.449,-18.00847458,292.769563,,,,88.11,-2.078239609,98.27552145,3912000,71.42857143,4868.767207,51.1774,-3.758583122,-404.9751919,1.847,0.653950954,-136.5699701,
7/1/1980,82.1,12.00545703,-159.9031053,6688.794,-1.623808683,-84.87381291,-0.27,-59.09090909,74090.90909,11.86,25.63559322,1110.664884,10.912,-23.64959418,-564.11196,,,,86.08,-1.408773336,66.94662724,3679000,51.64880462,-1977.976681,50.3368,-5.073741937,-131.5158815,1.831,-0.812567714,-146.6518668,
10/1/1980,84.9,12.15323646,14.77794338,6813.535,-0.039142027,158.4666657,-0.63,-30,2909.090909,12.43,20.32913843,-530.6454789,10.939,-18.94635448,470.32397,,,,88.38,-0.640809444,76.79638929,3136000,15.08256881,-3656.623581,52.27383333,-1.796969274,327.6772663,1.874,0.915455035,172.8022749,
1/1/1981,86.4,9.923664122,-222.9572338,6947.042,1.599981631,163.9123658,-0.04,-97.98994975,-6798.994975,13.13,3.876582278,-1645.255615,12.427,2.898070713,2184.442519,,,,95.24,10.56419782,1120.500726,2876000,0.348918353,-1473.365045,52.39843333,-1.960291484,-16.33222097,1.928,3.156768325,224.131329,
4/1/1981,88.6,9.382716049,-54.09480728,6895.559,2.968692439,136.8710808,-0.8,-171.4285714,-7343.862168,13.86,37.36372646,3348.714418,10.415,-0.325389989,-322.3460702,,,,100.45,14.00522075,344.1022929,2983000,-23.74744376,-2409.636212,52.55926667,2.700150197,466.044168,1.9,2.869518138,-28.72501878,
7/1/1981,91.8,11.81485993,243.2143878,6978.135,4.325757379,135.7064939,-0.85,214.8148148,38624.33862,15.84,33.55817875,-380.554771,11.08,1.539589443,186.4979432,,,,111.72,29.78624535,1578.102461,3073000,-16.47186736,727.5576408,53.0648,5.419494286,271.934409,1.925,5.133806663,226.4288526,
10/1/1981,93,9.540636042,-227.4223885,6902.105,1.2999126,-302.5844778,0.35,-155.5555556,-37037.03704,13.98,12.46983105,-2108.83477,9.055,-17.22278088,-1876.237032,,,,106.13,20.08372935,-970.2516003,3636000,15.94387755,3241.574491,51.90543333,-0.704750305,-612.4244592,1.888,0.747065101,-438.6741562,
1/1/1982,93.9,8.680555556,-86.00804868,6794.878,-2.190342307,-349.0254907,-0.34,750,90555.55556,14.18,7.996953542,-447.2877512,10.651,-14.29146214,293.131874,,,,108.03,13.42923142,-665.4497935,3714000,29.13769124,1319.381369,50.83876667,-2.976552098,-227.1801793,1.842,-4.460580913,-520.7646014,
4/1/1982,96.1,8.465011287,-21.55442689,6825.876,-1.010548963,117.9793343,-0.22,-72.5,-82250,14.44,4.184704185,-381.2249357,9.613,-7.700432069,659.1030071,,,,111.6,11.10004978,-232.9181639,4057000,36.0040228,686.6331558,50.18996667,-4.507863504,-153.1311406,1.836,-3.368421053,109.215986,
7/1/1982,97.2,5.882352941,-258.2658346,6799.781,-2.555897815,-154.5348852,0.5,-158.8235294,-8632.352941,11.73,-25.9469697,-3013.167388,11.129,0.442238267,814.2670336,,,,119.05,6.561045471,-453.9004305,4542000,47.8034494,1179.94266,49.47236667,-6.769898941,-226.2035437,1.825,-5.194805195,-182.6384142,
10/1/1982,97.2,4.516129032,-136.6223909,6802.497,-1.443153936,111.2743879,0.88,151.4285714,31025.21008,10.36,-25.89413448,5.283521914,11.249,24.22970734,2378.746907,,,,124.78,17.57278809,1101.174262,4381000,20.48954895,-2731.390044,48.5406,-6.482622564,28.72763769,1.804,-4.449152542,74.56526524,
1/1/1983,98.2,4.579339723,6.321069085,6892.144,1.43146058,287.4614516,0.75,-320.5882353,-47201.68067,10.62,-25.10578279,78.83516852,11.023,3.4926298,-2073.707754,,,,121.12,12.11700454,-545.5783554,3734000,0.538502962,-1995.104599,49.10346667,-3.413340082,306.9282482,1.745,-5.266015201,-81.68626585,
4/1/1983,99.2,3.225806452,-135.3533271,7048.982,3.268532859,183.707228,0.73,-431.8181818,-11122.99465,10.96,-24.09972299,100.6059801,12.96,34.81743472,3132.480492,,,,122.39,9.668458781,-244.8545754,3369000,-16.9583436,-1749.684657,50.19493333,0.009895736,342.3235818,1.753,-4.520697168,74.53180331,
7/1/1983,100.5,3.395061728,16.92552768,7189.896,5.737170065,246.8637205,0.91,82,51381.81818,11.44,-2.472293265,2162.742973,12.451,11.87887501,-2293.855971,,,,128.44,7.887442251,-178.101653,2973000,-34.54425363,-1758.591003,51.91633333,4.940064184,493.0168448,1.779,-2.520547945,200.0149223,
10/1/1983,101.8,4.732510288,133.744856,7339.893,7.899981433,216.2811369,0.97,10.22727273,-7177.272727,11.82,14.09266409,1656.495736,14.503,28.92701573,1704.814072,,,,128.4,2.901105946,-498.6336305,2644000,-39.64848208,-510.4228449,53.2852,9.774498049,483.4433865,1.797,-0.388026608,213.2521338,
1/1/1984,103.2,5.091649695,35.91394064,7483.371,8.578274047,67.82926132,0.93,24,1377.272727,12.53,17.98493409,389.2269994,14.21,28.91227434,-1.474139,,,,135.51,11.88077939,897.9673446,2412000,-35.40439207,424.4090009,54.847,11.69679805,192.2300005,1.812,3.839541547,422.7568155,
4/1/1984,104.5,5.342741935,25.1092241,7612.668,7.9967008,-58.15732463,0.67,-8.219178082,-3221.917808,13.84,26.27737226,829.2438176,14.673,13.21759259,-1569.468175,,,,132.64,8.374867228,-350.5912165,2329000,-30.86969427,453.4697802,55.69133333,10.95010917,-74.66888793,1.82,3.822019395,-1.752215196,
7/1/1984,105.8,5.273631841,-6.911009469,7686.059,6.900836952,-109.5863848,0.4,-56.04395604,-4782.477796,12.47,9.003496503,-1727.387576,13.959,12.11147699,-110.61156,,,,141.29,10.00467144,162.9804214,2474000,-16.78439287,1408.53014,56.08666667,8.032796358,-291.7312816,1.829,2.810567735,-101.1451661,
10/1/1984,106.8,4.911591356,-36.20404852,7749.151,5.575803353,-132.5033599,1.53,57.73195876,11377.59148,11.55,-2.284263959,-1128.776046,14.602,0.68261739,-1142.88596,,,,146.39,14.01090343,400.6231985,2536000,-4.084720121,1269.967275,56.11406667,5.308916297,-272.3880061,1.818,1.168614357,-164.1953377,
1/1/1985,108.1,4.748062016,-16.35293401,7824.247,4.55511293,-102.0690423,1.22,31.1827957,-2654.916306,11.65,-7.023144453,-473.8880494,15.358,8.078817734,739.6200344,,,,152.72,12.70016973,-131.0733698,2526000,4.726368159,881.108828,56.29843333,2.64633131,-266.2584987,1.799,-0.717439294,-188.6053651,
4/1/1985,109.1,4.401913876,-34.61481399,7893.136,3.684227396,-87.0885534,1.58,135.8208955,10463.80998,10.25,-25.93930636,-1891.616191,15.093,2.862400327,-521.6417407,,,,149.7,12.86188179,16.17120561,2505000,7.55689137,283.052321,56.33606667,1.157690604,-148.8640705,1.795,-1.373626374,-65.618708,
7/1/1985,110,3.969754253,-43.21596223,8013.674,4.262457522,57.82301264,1.43,257.5,12167.91045,10.31,-17.32157177,861.7734586,19.104,36.85794111,3399.554078,,,,137.26,-2.852289617,-1571.41714,2623000,6.022635408,-153.4255961,56.25906667,0.307381433,-85.03091707,1.795,-1.858939311,-48.53129375,
10/1/1985,111.4,4.307116105,33.73618516,8073.239,4.182238803,-8.021871944,1.02,-33.33333333,-29083.33333,9,-22.07792208,-475.6350306,15.711,7.594850021,-2926.309109,,,,129.39,-11.61281508,-876.0525466,2608000,2.839116719,-318.3518689,56.5885,0.845480218,53.80987848,1.792,-1.430143014,42.87962968,
1/1/1986,112.5,4.070305273,-23.6810832,8148.603,4.145523525,-3.671527818,0.47,-61.47540984,-2814.20765,7.39,-36.56652361,-1448.860153,14.161,-7.793983592,-1538.883361,10.25,,,121.52,-20.42954426,-881.6729181,2614000,3.483768804,64.46520852,56.92893333,1.119924592,27.44443741,1.792,-0.389105058,104.1037956,
4/1/1986,113.4,3.941338222,-12.89670511,8185.303,3.701532572,-44.39909524,0.54,-65.82278481,-434.7374974,7.35,-28.29268293,827.3840678,15.92,5.479361293,1327.334489,12.8,,,111.77,-25.33734135,-490.7797085,2606000,4.031936128,54.81673233,56.57993333,0.432878405,-68.70461876,1.76,-1.949860724,-156.0755666,
7/1/1986,114.6,4.181818182,24.047996,8263.639,3.119230954,-58.23016176,1.07,-25.17482517,4064.795964,7.45,-27.7400582,55.26247309,21.495,12.51570352,703.6342227,14.7,,,108.04,-21.28806644,404.9274906,2698000,2.859321388,-117.261474,56.80176667,0.964644514,53.17661089,1.741,-3.008356546,-105.8495822,
10/1/1986,115.6,3.770197487,-41.16206953,8308.021,2.908151239,-21.10797156,0.88,-13.7254902,1144.933498,7.23,-19.66666667,807.3391529,18.079,15.07224238,255.653886,17.93,,,109.27,-15.54988794,573.8178508,2565000,-1.648773006,-450.8094394,57.45353333,1.528638033,56.39935195,1.721,-3.962053571,-95.36970255,
1/1/1987,116.6,3.644444444,-12.57530421,8369.93,2.716134287,-19.20169519,0.97,106.3829787,12010.84689,7.51,1.623815968,2129.048263,15.299,8.036155639,-703.6086741,18.82,83.6097561,,99.86,-17.82422646,-227.4338529,2410000,-7.804131599,-615.5358593,58.21363333,2.256673232,72.80351993,1.718,-4.129464286,-16.74107143,
4/1/1987,117.9,3.968253968,32.38095238,8460.233,3.358824957,64.26906703,0.9,66.66666667,-3971.631206,8.38,14.01360544,1238.978947,15.619,-1.890703518,-992.6859157,20.22,57.96875,-2564.10061,95.94,-14.16301333,366.1213134,2321000,-10.93630084,-313.2169245,59.23043333,4.684523017,242.7849785,1.734,-1.477272727,265.2191558,
7/1/1987,119.2,4.013961606,4.570763733,8533.635,3.267277285,-9.15476719,1.03,-3.738317757,-7040.498442,9.63,29.26174497,1524.813952,16.119,-25.01046755,-2311.976403,19.62,33.46938776,-2449.936224,99.79,-7.636060718,652.6952613,2139000,-20.71905115,-978.2750305,60.3374,6.22451297,153.9989953,1.751,0.574382539,205.1655266,
10/1/1987,120.4,4.152249135,13.82875294,8680.162,4.479297777,121.2020492,1.06,20.45454545,2419.286321,8.83,22.13001383,-713.1731135,15.645,-13.46313402,1154.733353,16.74,-6.636921361,-4010.630912,93.65,-14.29486593,-665.880521,2140000,-16.56920078,414.9850369,61.8079,7.578936253,135.4423283,1.776,3.195816386,262.1433847,
1/1/1988,121.7,4.373927959,22.16788239,8725.006,4.242281596,-23.70161813,1.16,19.58762887,-86.69165886,8.57,14.11451398,-801.549985,16.182,5.77161906,1923.475308,17.09,-9.192348565,-255.5427205,90.34,-9.533346685,476.1519243,2077000,-13.81742739,275.1773394,62.36853333,7.137331519,-44.16047349,1.768,2.910360885,-28.54555011,
4/1/1988,123.2,4.49533503,12.14070709,8839.641,4.48460462,24.23230241,0.8,-11.11111111,-3069.873998,8.82,5.250596659,-886.3917323,15.854,1.504577758,-426.7041302,15.2,-24.82690406,-1563.455549,89.16,-7.066916823,246.6429862,2030000,-12.53769927,127.9728118,62.90016667,6.195688815,-94.16427032,1.774,2.306805075,-60.35558098,
7/1/1988,124.7,4.61409396,11.875893,8891.435,4.192820527,-29.1784093,0.44,-57.2815534,-4617.044229,8.87,-7.892004154,-1314.260081,15.047,-6.650536634,-815.5114392,13.33,-32.05912334,-723.2219288,97.53,-2.264755988,480.2160835,2053000,-4.02057036,851.7128908,63.12686667,4.623113801,-157.2575014,1.79,2.227298686,-7.950638851,
10/1/1988,126,4.651162791,3.706883097,9009.913,3.798903753,-39.39167741,0,-100,-4271.84466,9.14,3.510758777,1140.276293,16.437,5.06232023,1171.285686,17.12,2.270011947,3432.913529,93.76,0.117458623,238.221461,2092000,-2.242990654,177.7579706,63.58276667,2.871585455,-175.1528346,1.813,2.083333333,-14.39653531,
1/1/1989,127.4,4.683648316,3.248552483,9101.508,4.315206202,51.63024484,-0.43,-137.0689655,-3706.896552,9.3,8.518086348,500.7327571,14.662,-9.393152886,-1445.547312,20.27,18.60737273,1633.736079,96.77,7.1175559,700.0097277,2145000,3.273952817,551.6943471,63.86953333,2.406662334,-46.49231214,1.84,4.07239819,198.9064857,
4/1/1989,128.8,4.545454545,-13.81937701,9170.977,3.748297018,-56.69091836,0.02,-97.5,3956.896552,8.1,-8.163265306,-1668.135165,14.384,-9.272107985,12.1044901,20.29,33.48684211,1487.946937,97.71,9.589502019,247.1946119,2151000,5.960591133,268.6638316,63.63983333,1.175937531,-123.0724803,1.861,4.904171364,83.17731741,
7/1/1989,129.9,4.170008019,-37.54465262,9238.923,3.908120568,15.98235498,-0.15,-134.0909091,-3659.090909,8.31,-6.313416009,184.9849297,15.66,4.073901774,1334.600976,20.15,51.1627907,1767.594859,97.39,-0.143545576,-973.3047595,2220000,8.134437409,217.3846276,63.2492,0.193789649,-98.21478816,1.853,3.519553073,-138.4618292,
10/1/1989,131.6,4.444444444,27.44364252,9257.128,2.743811178,-116.430939,0.06,-8.163265306,12592.76438,7.93,-13.23851204,-692.5096026,13.55,-17.56403237,-2163.793414,21.84,27.57009346,-2359.269724,98.07,4.596843003,474.0388579,2302000,10.03824092,190.3803509,63.52083333,-0.097405848,-29.11954974,1.834,1.158301158,-236.1251914,
1/1/1990,133.5,4.788069074,34.36246293,9358.289,2.821301701,7.749052302,0.01,-102.3255814,-9416.231609,8.65,-6.989247312,624.9264723,14.486,-1.20038194,1636.365043,20.34,0.345337938,-2722.475552,92.41,-4.505528573,-910.2371576,2365000,10.25641026,21.81693386,63.9418,0.113147322,21.05531706,1.848,0.434782609,-72.35185496,19.73
4/1/1990,135.1,4.891304348,10.3235274,9392.251,2.412763656,-40.85380443,0.19,850,95232.55814,8.43,4.074074074,1106.332139,14.149,-1.633759733,-43.3377793,17.05,-15.96845737,-1631.379531,93.07,-4.74874629,-24.32177171,2442000,13.52859135,327.2181096,64.42053333,1.226747399,111.3600077,1.859,-0.107469103,-54.22517113,15.5
7/1/1990,137.1,5.542725173,65.14208254,9398.499,1.727214308,-68.55493481,0.8,-633.3333333,-148333.3333,8.82,6.137184116,206.3110041,14.298,-8.697318008,-706.3558275,39.53,96.17866005,11214.71174,87.17,-10.49389054,-574.5144253,2644000,19.0990991,557.0507746,64.6892,2.276708638,104.9961239,1.856,0.161899622,26.93687249,29.11
10/1/1990,138.6,5.319148936,-22.3576237,9312.937,0.602875968,-112.4338341,0.93,1450,208333.3333,8.08,1.891551072,-424.5633044,12.958,-4.36900369,432.8314318,28.48,30.4029304,-6577.572965,83.28,-15.08106455,-458.7174003,2938000,27.62814944,852.9050336,63.68736667,0.262171204,-201.4537435,1.839,0.272628135,11.0728513,26.38
1/1/1991,140.5,5.243445693,-7.570324329,9269.367,-0.950195062,-155.307103,1.03,10200,875000,8.05,-6.936416185,-882.7967257,12.848,-11.30746928,-693.846559,19.63,-3.4906588,-3389.35892,82,-11.26501461,381.6049937,3502000,48.07610994,2044.79605,62.48346667,-2.280719863,-254.2891067,1.826,-1.19047619,-146.3104326,16.88
4/1/1991,141.8,4.959289415,-28.41562776,9341.642,-0.538837814,41.13572481,1.34,605.2631579,-959473.6842,8.24,-2.253855279,468.2560906,12.719,-10.10672132,120.074796,20.56,20.58651026,2407.716906,91.54,-1.643923928,962.1090681,3356000,37.42833743,-1064.777251,62.84776667,-2.441405846,-16.06859828,1.833,-1.398601399,-20.81252081,19.55
7/1/1991,143.4,4.595185996,-36.41034196,9388.845,-0.10271853,43.61192844,1.48,85,-52026.31579,7.47,-15.30612245,-1305.226717,13.107,-8.329836341,177.6884979,22.25,-43.71363521,-6430.014548,93.49,7.250200757,889.4124685,3290000,24.43267776,-1299.565967,63.73763333,-1.470982276,97.04235695,1.85,-0.323275862,107.5325537,15.85
10/1/1991,144.7,4.401154401,-19.40315945,9421.565,1.166420432,126.9138962,1.94,108.6021505,2360.215054,6.71,-16.95544554,-164.9323096,12.658,-2.315172094,601.4664247,19.15,-32.75983146,1095.380375,89.93,7.985110471,73.49097136,3340000,13.6827774,-1074.990036,63.88766667,0.314505075,178.5487351,1.861,1.196302338,151.95782,19.31
1/1/1992,145.9,3.84341637,-55.7738031,9534.346,2.858652592,169.223216,1.94,88.34951456,-2025.263597,7.54,-6.335403727,1062.004182,12.824,-0.186799502,212.8372592,19.49,-0.713194091,3204.663737,87.49,6.695121951,-128.9988519,3336000,-4.740148487,-1842.292589,63.81656667,2.133524388,181.9019314,1.874,2.628696605,143.2394266,16.18
4/1/1992,147.1,3.737658674,-10.57576959,9637.732,3.16957126,31.09186676,2.31,72.3880597,-1596.145486,7.14,-13.34951456,-701.4110836,13.543,6.478496737,666.5296239,21.84,6.225680934,693.8875025,89.62,-2.09744374,-879.2565692,3340000,-0.476758045,426.3390441,64.95283333,3.349469326,121.5944938,1.905,3.927986907,129.9290302,13.35
7/1/1992,148.1,3.277545328,-46.01133464,9732.979,3.665349678,49.57784187,2.57,73.64864865,126.0588947,6.37,-14.72556894,-137.6054379,13.378,2.067597467,-441.089927,21.83,-1.887640449,-811.3321383,83.72,-10.45031554,-835.2871801,3194000,-2.917933131,-244.1175085,65.4525,2.690508852,-65.89604745,1.931,4.378378378,45.03914717,14.28
10/1/1992,149.6,3.386316517,10.87711892,9834.51,4.382976714,71.76270353,2.14,10.30927835,-6333.93703,6.7,-0.149031297,1457.653765,13.784,8.89556012,682.7962653,19.49,1.775456919,366.3097368,81.1,-9.818747915,63.15676267,2800000,-16.16766467,-1324.973154,66.14383333,3.531458863,84.0950011,1.951,4.836109618,45.77312401,12.57
1/1/1993,150.8,3.358464702,-2.785181508,9850.973,3.320909478,-106.2067235,2.07,6.701030928,-360.8247423,6.03,-20.0265252,-1987.74939,13.326,3.914535246,-498.1024874,20.44,4.87429451,309.8837591,92.36,5.56635044,1538.509836,2725000,-18.31534772,-214.7683051,66.72983333,4.565063304,103.3604441,1.971,5.176093917,33.99842983,12.53
4/1/1993,152.1,3.399048266,4.058356463,9908.347,2.80787015,-51.30393279,1.77,-23.37662338,-3007.76543,5.8,-18.767507,125.9018196,14.49,6.992542273,307.8007027,18.82,-13.82783883,-1870.213334,91.87,2.510600312,-305.5750128,2747000,-17.75449102,56.08567039,66.88183333,2.969847351,-159.5215953,1.985,4.199475066,-97.66188511,11.26
7/1/1993,152.9,3.241053342,-15.79949241,9955.641,2.28770657,-52.01635808,1.51,-41.24513619,-1786.851281,5.4,-15.22762951,353.9877489,13.99,4.574674839,-241.7867434,18.72,-14.24644984,-41.86110118,95.37,13.91543239,1140.483208,2836000,-11.20851597,654.5975051,67.14433333,2.584826146,-38.50212046,1.997,3.417918177,-78.15568885,12.99
10/1/1993,154.3,3.14171123,-9.934211239,10091.049,2.608559044,32.0852474,1.58,-26.1682243,1507.691189,5.83,-12.98507463,224.2554886,15.004,8.850841555,427.6166716,14.19,-27.19343253,-1294.698269,95.08,17.23797781,332.2545411,2720000,-2.857142857,835.137311,68.16316667,3.052942703,46.8116557,2.023,3.690415172,27.24969946,11.66
1/1/1994,155.3,2.984084881,-15.76263493,10188.954,3.430940274,82.238123,1.56,-24.63768116,153.054314,6.77,12.27197347,2525.704809,15.301,14.82065136,596.9809805,14.78,-27.69080235,-49.73698188,95.59,3.497184929,-1374.079288,2710000,-0.550458716,230.6684142,69.00833333,3.414514747,36.15720441,2.047,3.855910705,16.54955335,20.45
4/1/1994,156.4,2.827087442,-15.69974382,10327.019,4.225447494,79.45072203,1.15,-35.02824859,-1039.056743,7.34,26.55172414,1427.975067,15.109,4.271911663,-1054.87397,19.37,2.922422954,3061.32253,92.12,0.272123653,-322.5061276,2687000,-2.184200946,-163.3742231,70.25823333,5.04830659,163.3791843,2.08,4.785894207,92.99835013,14.97
7/1/1994,157.5,3.008502289,18.14148466,10387.382,4.336646932,11.11994382,1,-33.77483444,125.341415,7.62,41.11111111,1455.938697,15.274,9.177984274,490.6072611,18.36,-1.923076923,-484.5499877,89.87,-5.767012687,-603.913634,2601000,-8.286318759,-610.2117812,71.15553333,5.973996316,92.56897259,2.103,5.307961943,52.20677364,14.28
10/1/1994,158.3,2.59235256,-41.61497291,10506.372,4.115756449,-22.0890483,0.15,-90.50632911,-5673.149468,7.84,34.47684391,-663.42672,15.584,3.86563583,-531.2348444,17.77,25.22903453,2715.211145,85.69,-9.875893984,-410.8881297,2499000,-8.125,16.13187588,72.63206667,6.556180146,58.21838298,2.139,5.734058329,42.60963863,13.2
1/1/1995,159.9,2.962009015,36.96564549,10543.644,3.481122792,-63.46336567,0.4,-74.35897436,1614.735475,7.2,6.35155096,-2812.529295,15.256,-0.294098425,-415.9734255,19.18,29.7699594,454.0924873,87.99,-7.95062245,192.5271534,2530000,-6.642066421,148.2933579,73.3775,6.331360947,-22.48191994,2.155,5.276013679,-45.80446507,13.37
4/1/1995,161.1,3.00511509,4.31060747,10575.1,2.402251802,-107.8870991,0.42,-63.47826087,1088.071349,6.21,-15.39509537,-2174.664633,15.407,1.97233437,226.6432795,17.38,-10.273619,-4004.35784,81.8,-11.20277898,-325.2156534,2602000,-3.163379233,347.8687187,73.6106,4.771492973,-155.9867973,2.151,3.413461538,-186.255214,11.38
7/1/1995,162.2,2.984126984,-2.098810539,10665.06,2.67322411,27.0972308,0.34,-66,-252.173913,6.17,-19.02887139,-363.3776023,15.338,0.419012701,-155.3321669,17.54,-4.466230937,580.7388062,81.57,-9.235562479,196.7216505,2609000,0.30757401,347.0953243,74.28503333,4.398111929,-37.33810438,2.142,1.854493581,-155.8967958,12.74
10/1/1995,163.1,3.032217309,4.809032478,10737.478,2.199674636,-47.35494742,0.4,166.6666667,23266.66667,5.58,-28.82653061,-979.7659221,16.262,4.350616016,393.1603315,19.54,9.960607766,1442.68387,83.66,-2.369004551,686.6557928,2558000,2.360944378,205.3370368,74.9223,3.153198633,-124.4913296,2.147,0.374006545,-148.0487035,12.52
1/1/1996,164.4,2.814258912,-21.79583971,10817.896,2.601112101,40.14374657,0.55,37.5,-12916.66667,6.34,-11.94444444,1688.208617,16.044,5.165180912,81.4564896,21.43,11.73096976,177.0361994,87.38,-0.693260598,167.5743953,2675000,5.731225296,337.0280919,75.4272,2.793363088,-35.9835545,2.147,-0.371229698,-74.52362435,18.88
4/1/1996,165.4,2.669149597,-14.51093153,10998.322,4.002061446,140.0949345,0.62,47.61904762,1011.904762,6.73,8.373590982,2031.803543,15.256,-0.980073992,-614.5254904,20.92,20.36823936,863.7269595,88.02,7.60391198,829.7172578,2556000,-1.767870869,-749.9096165,77.0464,4.667534295,187.4171207,2.165,0.650860065,102.2089763,13.68
7/1/1996,166.5,2.651048089,-1.810150774,11096.976,4.049822505,4.776105829,0.62,82.35294118,3473.389356,6.72,8.914100486,54.05095039,15.534,1.277871952,225.7945944,24.2,37.97035348,1760.211412,85.9,5.308324139,-229.5587842,2479000,-4.982752012,-321.4881144,78.04513333,5.061719476,39.41851807,2.171,1.353874883,70.30148182,16.95
10/1/1996,167.4,2.636419375,-1.462871416,11212.205,4.421215112,37.13926076,0.55,37.5,-4485.294118,6.43,15.23297491,631.8874424,15.183,-6.635100234,-791.2972186,25.9,32.54861822,-542.1735259,87.43,4.506335166,-80.19889726,2497000,-2.384675528,259.8076485,79.14013333,5.629610054,56.78905778,2.179,1.490451793,13.65769099,20.92
1/1/1997,168.4,2.433090024,-20.33293503,11284.587,4.314064398,-10.71507137,0.47,-14.54545455,-5204.545455,6.92,9.148264984,-608.4709926,15.816,-1.421091997,521.4008237,20.35,-5.039664022,-3758.828224,93.04,6.477454795,197.1119629,2331000,-12.85981308,-1047.513756,80.65143333,6.92619285,129.6582796,2.179,1.490451793,0,22.14
4/1/1997,169.4,2.418379686,-1.471033872,11472.137,4.308066267,-0.599813164,0.43,-30.64516129,-1609.970674,6.51,-3.268945022,-1241.721001,14.524,-4.798112218,-337.7020221,19.82,-5.258126195,-21.84621726,97.18,10.40672574,392.9270949,2338000,-8.528951487,433.0861597,81.80363333,6.174504368,-75.1688482,2.195,1.385681293,-10.47704999,21.53
7/1/1997,170.2,2.222222222,-19.61574634,11615.636,4.673885931,36.58196639,0.32,-48.38709677,-1774.193548,6.12,-8.928571429,-565.9626406,15.096,-2.819621475,197.8490743,21.13,-12.68595041,-742.7824218,99.64,15.99534342,558.8617678,2233000,-9.923356192,-139.4404705,83.68073333,7.220949929,104.6445561,2.198,1.243666513,-14.20147802,22.91
10/1/1997,171.2,2.270011947,4.778972521,11715.393,4.487859435,-18.60264954,0.09,-83.63636364,-3524.926686,5.75,-10.57542768,-164.6856254,16.474,8.50293091,1132.255239,17.65,-31.85328185,-1916.733144,95.64,9.390369438,-660.4973984,2291000,-8.24989988,167.3456312,85.77873333,8.388411442,116.7461513,2.19,0.504818724,-73.88477889,24.01
1/1/1998,172.2,2.256532067,-1.347988092,11832.486,4.855286241,36.7426806,0.07,-85.10638298,-147.0019342,5.67,-18.06358382,-748.8156132,15.405,-2.598634294,-1110.15652,15.75,-22.6044226,924.8859249,100.79,8.329750645,-106.0618794,2215000,-4.976404976,327.3494903,86.7428,7.552707267,-83.57041749,2.175,-0.183570445,-68.83891693,24.22
4/1/1998,173.2,2.243211334,-1.332073239,11942.032,4.095967473,-75.93187681,-0.05,-111.627907,-2652.1524,5.44,-16.43625192,162.7331895,16.771,15.47094464,1806.957893,14.3,-27.8506559,-524.6233299,99.71,2.603416341,-572.6334304,2388000,2.138579983,711.4984959,87.3271,6.752104328,-80.06029396,2.16,-1.59453303,-141.0962584,19.71
7/1/1998,174.2,2.350176263,10.69649291,12091.614,4.097735156,0.176768311,0.14,-56.25,5537.790698,4.44,-27.45098039,-1101.472847,16.313,8.061738209,-740.9206431,16.19,-23.37908187,447.1574029,101.2,1.565636291,-103.778005,2148000,-3.806538289,-594.5118272,87.97283333,5.129137651,-162.2966677,2.16,-1.728844404,-13.43113744,40.95
10/1/1998,175.4,2.453271028,10.30947648,12287,4.879110756,78.13755999,0.11,22.22222222,7847.222222,4.65,-19.13043478,832.054561,17.409,5.675610052,-238.6128157,12.14,-31.21813031,-783.9048438,93.73,-1.997072355,-356.2708645,2266000,-1.091226539,271.5311751,89.2394,4.034411016,-109.4726635,2.145,-2.054794521,-32.59501165,24.42
1/1/1999,175.7,2.032520325,-42.07507028,12403.293,4.824066557,-5.504419915,0.26,271.4285714,24920.63492,5.25,-7.407407407,1172.302738,16.832,9.263226225,358.7616173,16.66,5.777777778,3699.590809,96.08,-4.673082647,-267.6010292,2191000,-1.083521445,0.770509393,90.22663333,4.016279545,-1.813147043,2.136,-1.793103448,26.16910723,23.26
4/1/1999,176.6,1.963048499,-6.947182636,12498.694,4.661367513,-16.26990444,0.28,-660,-93142.85714,5.81,6.801470588,1420.8878,17.346,3.428537356,-583.4688869,19.33,35.17482517,2939.70474,101,1.29375188,596.6834528,2177000,-8.835845896,-775.2324451,91.09293333,4.312330689,29.60511441,2.129,-1.435185185,35.79182631,21.09
7/1/1999,177.8,2.066590126,10.35416274,12662.385,4.720387204,5.901969123,0.27,92.85714286,75285.71429,5.9,32.88288288,2608.141229,17.662,8.26947833,484.0940974,24.54,51.57504632,1640.022115,99.75,-1.432806324,-272.6558205,2158000,0.465549348,930.1395244,91.9045,4.469182721,15.68520319,2.132,-1.296296296,13.88888889,25.41
10/1/1999,178.7,1.881413911,-18.51762152,12877.593,4.806649304,8.626210025,0.21,90.90909091,-194.8051948,6.45,38.70967742,582.6794536,18.322,5.244413809,-302.5064521,25.76,112.1911038,6061.605746,99.06,5.686546463,711.9352787,2102000,-7.237422771,-770.297212,93.53143333,4.809572155,34.03894334,2.151,0.27972028,157.6016576,24.64
1/1/2000,180,2.447353443,56.59395323,12924.179,4.199578289,-60.70710147,-0.47,-280.7692308,-37167.83217,6.03,14.85714286,-2385.253456,18.343,8.976948669,373.253486,26.86,61.2244898,-5096.661399,105.13,9.419233972,373.2687508,2068000,-5.613874943,162.3547828,94.4765,4.71021306,-9.935909482,2.14,0.187265918,-9.245436212,24.11
4/1/2000,181.1,2.54813137,10.0777927,13160.842,5.297737508,109.8159218,-0.35,-225,5576.923077,6.03,3.786574871,-1107.056799,17.596,1.441254468,-753.5694201,32.44,67.82203828,659.7548487,110.14,9.04950495,-36.97290212,2033000,-6.614607258,-100.0732315,95.61986667,4.969576857,25.93637973,2.156,1.268201033,108.0935116,19.54
7/1/2000,182.3,2.530933633,-1.719773703,13178.419,4.0753302,-122.2407307,-0.18,-166.6666667,5833.333333,5.8,-1.694915254,-548.1490125,18.654,5.616577964,417.5323496,30.87,25.79462103,-4202.741726,109.57,9.844611529,79.51065783,2077000,-3.75347544,286.1131817,95.52693333,3.941519004,-102.8057853,2.146,0.656660413,-61.15406206,20.57
10/1/2000,183.3,2.574146614,4.321298114,13260.506,2.9734827,-110.1847501,0.01,-95.23809524,7142.857143,5.12,-20.62015504,-1892.523978,16.222,-11.46163083,-1707.820879,26.72,3.726708075,-2206.791295,116.65,17.756915,791.2303472,2378000,13.13035205,1688.382749,95.32573333,1.918392498,-202.3126507,2.139,-0.557880056,-121.4540469,26.85
1/1/2001,184.7,2.611111111,3.696449667,13222.69,2.309709576,-66.37731236,0.75,-259.5744681,-16433.63728,4.93,-18.24212272,237.8032319,17.248,-5.969579676,549.2051154,26.37,-1.824274013,-555.0982088,110.52,5.126985637,-1262.992936,2620000,26.69245648,1356.210443,94.06823333,-0.432135681,-235.0528179,2.091,-2.289719626,-173.183957,28.64
4/1/2001,186,2.705687465,9.457635438,13299.984,1.057242386,-125.246719,1.17,-434.2857143,-17471.12462,5.42,-10.11608624,812.6036484,17.464,-0.750170493,521.9409183,26.37,-18.71146732,-1688.719331,115.85,5.184310877,5.732524023,2959000,45.54845057,1885.599409,92.88123333,-2.864084033,-243.1948352,2.064,-4.26716141,-197.7441784,19.06
7/1/2001,187.1,2.63302249,-7.266497509,13244.784,0.503588481,-55.36539056,1.74,-1066.666667,-63238.09524,4.6,-20.68965517,-1057.356894,16.365,-12.27082663,-1152.065614,23.44,-24.06867509,-535.7207765,117.18,6.945331751,176.1020874,3385000,62.97544535,1742.699479,91.60056667,-4.110219526,-124.6135493,2.018,-5.964585275,-169.7423865,31.93
10/1/2001,188.4,2.782324059,14.93015685,13280.859,0.153485847,-35.01026332,2,19900,2096666.667,5.07,-0.9765625,1971.309267,16.465,1.497965726,1376.879236,19.96,-25.2994012,-123.0726109,114.86,-1.534504929,-847.9836681,3474000,46.08915055,-1688.629481,90.6416,-4.913818304,-80.35987782,1.985,-7.199625993,-123.5040719,23.8
1/1/2002,189.2,2.436383324,-34.59407346,13397.002,1.318279412,116.4793565,1.7,126.6666667,-1977333.333,5.42,9.939148073,1091.571057,17.107,-0.817486085,-231.5451811,26.21,-0.606750095,2469.26511,120.24,8.794788274,1032.92932,3723000,42.09923664,-398.9913905,91.3109,-2.931205611,198.2612694,1.974,-5.595408895,160.4217098,17.4
4/1/2002,190.2,2.258064516,-17.83188082,13478.152,1.339610634,2.133122199,1.96,67.52136752,-5914.529915,4.86,-10.33210332,-2027.125139,16.953,-2.92601924,-210.8533155,26.79,1.592718999,219.9469094,115.19,-0.569702201,-936.4490475,3588000,21.25718148,-2084.205516,92.7305,-0.162286102,276.8919508,1.977,-4.215116279,138.0292616,25.4
7/1/2002,191.3,2.244788883,-1.327563318,13538.072,2.214366048,87.47554137,1.91,9.770114943,-5775.125258,3.63,-21.08695652,-1075.48532,16.665,1.833180568,475.9199808,30.59,30.50341297,2891.069397,107.41,-8.337600273,-776.7898072,3555000,5.022156573,-1623.502491,93.275,1.82797268,199.0258782,1.958,-2.973240833,124.1875447,39.69
10/1/2002,192.1,1.963906582,-28.08823012,13559.032,2.094540722,-11.98253257,2.22,11,122.9885057,3.83,-24.45759369,-337.0637167,17.866,8.508958397,667.5777829,31.21,56.36272545,2585.931248,106.64,-7.156538395,118.1061879,3462000,-0.345423143,-536.7579716,93.25433333,2.8824881,105.451542,1.933,-2.619647355,35.35934773,28.62
1/1/2003,192.5,1.744186047,-21.97205352,13634.253,1.770926062,-32.36146597,2.32,36.47058824,2547.058824,3.83,-29.33579336,-487.819967,16.467,-3.74115859,-1225.011699,31.14,18.80961465,-3755.31108,99.91,-16.90785096,-975.131257,3536000,-5.02283105,-467.7407907,93.83626667,2.765679307,-11.68087923,1.92,-2.73556231,-11.59149549,29.15
4/1/2003,193,1.472134595,-27.20514513,13751.543,2.028401223,25.74751605,2.22,13.26530612,-2320.528211,3.54,-27.16049383,217.5299531,17.013,0.35391966,409.507825,30.15,12.54199328,-626.762137,97.19,-15.62635645,128.149451,3737000,4.152731327,917.5562377,93.13503333,0.436246255,-232.9433053,1.905,-3.641881639,-90.63193288,19.52
7/1/2003,193.7,1.254573968,-21.75606276,13985.073,3.301806934,127.3405711,2.46,28.79581152,1553.05054,3.96,9.090909091,3625.140292,17.286,3.726372637,337.2452977,29.19,-4.576659039,-1711.865232,96.89,-9.794246346,583.2110109,3558000,0.084388186,-406.8343141,93.75263333,0.512070044,7.582378895,1.909,-2.502553626,113.9328013,22.72
10/1/2003,194.2,1.093180635,-16.13933325,14145.645,4.326363416,102.4556482,2.43,9.459459459,-1933.635206,4.27,11.48825065,239.7341562,17.357,-2.848986902,-657.5359539,32.51,4.165331624,874.1990663,92.73,-13.04388597,-324.9639626,3258000,-5.89254766,-597.6935846,94.6693,1.517320017,100.5249974,1.944,0.569063632,307.1617258,18.31
1/1/2004,195.5,1.558441558,46.52609234,14221.147,4.304555592,-2.180782347,2.26,-2.586206897,-1204.566636,3.86,0.783289817,-1070.496084,17.247,4.73674622,758.5733122,35.75,14.80411047,1063.877884,87.2,-12.7214493,32.24366671,3007000,-14.96040724,-906.785958,95.334,1.596113514,7.879349674,1.954,1.770833333,120.1769702,16.74
4/1/2004,196.6,1.865284974,30.68434157,14329.523,4.203019254,-10.15363385,1.92,-13.51351351,-1092.730662,4.62,30.50847458,2972.518476,16.173,-4.937400811,-967.4147031,36.92,22.45439469,765.0284224,90.48,-6.904002469,581.7446835,2917000,-21.94273481,-698.2327574,95.879,2.946223959,135.0110445,1.944,2.047244094,27.64107612,14.34
7/1/2004,197.5,1.961796593,9.651161858,14464.984,3.431594529,-77.14247245,1.51,-38.61788618,-2510.437267,4.14,4.545454545,-2596.302003,17.875,3.407381696,834.4782507,49.56,69.78417266,4732.977797,89.96,-7.152440912,-24.8438443,2839000,-20.20798201,173.4752802,96.4129,2.837538074,-10.86858849,1.953,2.304871661,25.76275661,13.34
10/1/2004,198.6,2.265705458,30.39088656,14609.876,3.281794503,-14.98000266,1.16,-52.26337449,-1364.548831,4.24,-0.702576112,-524.8030658,18.102,4.292216397,88.4834701,43.36,33.37434635,-3640.982631,84.91,-8.433085301,-128.0644389,2771000,-14.94782075,526.0161263,97.78496667,3.291105635,45.35675603,1.962,0.925925926,-137.8945735,13.29
1/1/2005,200.1,2.352941176,8.723571818,14771.602,3.870679348,58.88848453,0.7,-69.02654867,-1676.317419,4.5,16.58031088,1728.288699,17.413,0.962486229,-332.9730168,55.31,54.71328671,2133.894036,83.6,-4.128440367,430.4644934,2683000,-10.77485866,417.2962086,99.18483333,4.039307417,74.82017827,1.988,1.740020471,81.40945449,14.02
4/1/2005,200.6,2.034587996,-31.83531805,14839.782,3.56089313,-30.97862186,0.28,-85.41666667,-1639.011799,3.94,-14.71861472,-3129.89256,18.482,14.27688122,1331.439499,56.63,53.38569881,-132.7587905,84.43,-6.686560566,-255.8120199,2569000,-11.93006514,-115.5206472,99.68733333,3.972020289,-6.728712797,1.997,2.726337449,98.63169777,12.04
7/1/2005,201.3,1.924050633,-11.0537363,14972.054,3.505499902,-5.539322714,0.16,-89.40397351,-398.7306843,4.34,4.830917874,1954.953259,16.927,-5.303496503,-1958.037772,66.21,33.59564165,-1979.005716,89.35,-0.678079146,600.848142,2853000,0.493131384,1242.319652,99.2302,2.922119343,-104.9900947,2.004,2.611367127,-11.49703211,11.92
10/1/2005,202.8,2.114803625,19.07529925,15066.597,3.126111406,-37.93884966,-0.02,-101.7241379,-1232.016442,4.39,3.537735849,-129.3182025,17.174,-5.126505359,17.6991144,61.06,40.82103321,722.5391564,90.07,6.07702273,675.5101876,2660000,-4.005774089,-449.8905473,100.1934,2.462989369,-45.91299741,2.006,2.242609582,-36.87575454,12.07
1/1/2006,204.3,2.098950525,-1.585310064,15267.026,3.353894859,22.77834528,0.04,-94.28571429,743.8423645,4.86,8,446.2264151,16.96,-2.601504623,252.5000736,66.25,19.77942506,-2104.160815,88.96,6.411483254,33.44605236,2439000,-9.094297428,-508.8523339,101.1349,1.966093606,-49.68957625,2.021,1.659959759,-58.26498235,11.39
4/1/2006,205.9,2.642073779,54.31232539,15302.705,3.119473049,-23.44218097,-0.01,-103.5714286,-928.5714286,5.15,30.7106599,2271.06599,16.9,-8.559679688,-595.8175065,73.94,30.56683737,1078.741231,86.11,1.989814047,-442.1669206,2419000,-5.838847801,325.5449628,101.7432,2.062314838,9.622123134,2.021,1.201802704,-45.81570545,13.08
7/1/2006,207.2,2.930948833,28.88750539,15326.368,2.366502285,-75.2970764,-0.07,-143.75,-4017.857143,4.64,6.912442396,-2379.82175,16.974,0.277662905,883.7342593,62.9,-4.999244827,-3556.608219,85.3,-4.53273643,-652.2550477,2437000,-14.58114266,-874.2294856,102.1299333,2.922228649,85.99138118,2.009,0.249500998,-95.23017061,11.98
10/1/2006,208.1,2.613412229,-31.75366038,15456.928,2.590704457,22.42021722,-0.11,450,59375,4.71,7.28929385,37.68514533,17.107,-0.390124607,-66.7787512,60.85,-0.343924009,465.5320818,85.32,-5.27367603,-74.09396,2455000,-7.706766917,687.437574,102.3549333,2.157360997,-76.48676523,2,-0.299102692,-54.86036899,11.56
1/1/2007,209.418,2.505139501,-10.82727281,15493.328,1.482292622,-110.8411835,0.07,75,-37500,4.65,-4.320987654,-1161.02815,16.438,-3.077830189,-268.7705582,65.94,-0.467924528,-12.40005191,84.61,-4.889838129,38.38379003,2499000,2.4600246,1016.679152,103.2572667,2.09855022,-5.881077695,1.996,-1.237011381,-93.79086886,14.64
4/1/2007,210.392,2.181641574,-32.34979272,15582.085,1.825690295,34.33976726,0.16,-1700,-177500,5.03,-2.330097087,199.0890567,16.179,-4.266272189,-118.8442,70.47,-4.69299432,-422.5069791,81.45,-5.411682731,-52.18446019,2501000,3.389830508,92.98059082,104.5251,2.734236784,63.56865642,1.987,-1.682335477,-44.5324097,16.23
7/1/2007,211.554,2.101351351,-8.029022223,15666.738,2.220813176,39.51228817,0.62,-985.7142857,71428.57143,4.59,-1.077586207,125.251088,16.532,-2.603982562,166.2289627,81.64,29.79332273,3448.631705,80.77,-5.31066823,10.10145016,2518000,3.32375872,-6.607178874,104.8131333,2.627241507,-10.6995277,1.977,-1.592832255,8.950322263,18
10/1/2007,213.168,2.435367612,33.40162604,15761.967,1.973477524,-24.73356522,0.99,-1000,-1428.571429,4.04,-14.22505308,-1314.746687,16.03,-6.29566844,-369.1685878,95.95,57.68282662,2788.950389,76.48,-10.36099391,-505.0325676,2760000,12.42362525,909.9866535,105.1322,2.713368644,8.612713663,1.976,-1.2,39.28322549,22.5
1/1/2008,214.42,2.388524387,-4.684322509,15671.383,1.149236626,-82.42408979,1.83,2514.285714,351428.5714,3.45,-25.80645161,-1158.139853,15.114,-8.054507848,-175.8839408,101.54,53.98847437,-369.4352252,75.18,-11.1452547,-78.42607927,2967000,18.727491,630.3865742,104.7443,1.440124634,-127.324401,1.935,-3.056112224,-185.6112224,25.61
4/1/2008,215.424,2.391725921,0.32015345,15752.308,1.092427618,-5.680900824,1.36,750,-176428.5714,3.99,-20.67594433,513.0507279,14.377,-11.1378948,-308.3386952,139.96,98.60933731,4462.086294,72.51,-10.97605893,16.91957662,3110000,24.3502599,562.27689,103.2004,-1.267351096,-270.7475729,1.923,-3.220936085,-16.48238601,23.95
7/1/2008,216.713,2.438620872,4.689495107,15667.032,0.001876587,-109.0551031,1.85,198.3870968,-55161.29032,3.85,-16.12200436,455.3939977,12.961,-21.6005323,-1046.26375,100.7,23.34639882,-7526.293848,73.23,-9.335149189,164.0909743,3623000,43.88403495,1953.377505,99.8007,-4.782256931,-351.4905835,1.903,-3.743045018,-52.21089332,39.39
10/1/2008,216.925,1.762459656,-67.6161216,15328.027,-2.753082785,-275.4959372,1.49,50.50505051,-14788.20463,2.25,-44.30693069,-2818.492634,10.383,-35.22769807,-1362.716577,44.6,-53.51745701,-7686.385583,85.63,11.96391213,2129.906132,4679000,69.52898551,2564.495056,95.53193333,-9.131613974,-434.9357043,1.809,-8.451417004,-470.8371986,40
1/1/2009,218.253,1.787613096,2.515343956,15155.94,-3.289071552,-53.5988767,1.9,3.825136612,-4667.991389,2.71,-21.44927536,2285.765533,9.748,-35.50350668,-27.580861,49.64,-51.11286193,240.4595083,85.83,14.1660016,220.2089462,5935000,100.0337041,3050.471857,90.16783333,-13.91623856,-478.4624586,1.733,-10.43927649,-198.7859482,44.14
4/1/2009,219.112,1.711972668,-7.564042794,15134.117,-3.924447135,-63.53755834,2.42,77.94117647,7411.603986,3.53,-11.52882206,992.0453307,10.149,-29.40808235,609.542433,69.82,-50.11431838,99.85435497,84.82,16.97696869,281.0967098,6618000,112.7974277,1276.372357,87.59843333,-15.11812616,-120.1887596,1.708,-11.18044722,-74.11707321,26.35
7/1/2009,219.92,1.479837389,-23.21352792,15189.222,-3.049779946,87.46671894,2.36,27.56756757,-5037.36089,3.31,-14.02597403,-249.7151971,9.535,-26.43314559,297.493676,70.46,-30.02979146,2008.452692,78.35,6.991670081,-998.5298613,5912000,63.17968534,-4961.774231,88.91463333,-10.90780592,421.0320233,1.71,-10.14188124,103.8565978,25.61
10/1/2009,220.881,1.823671776,34.38343873,15356.058,0.182874156,323.2654102,2.71,81.87919463,5431.162706,3.85,71.11111111,8513.708514,11.284,8.677646152,3511.079174,79.39,78.0044843,10803.42758,76.3,-10.89571412,-1788.73842,4987000,6.58260312,-5659.708222,90.31013333,-5.466025671,544.1780253,1.726,-4.58817026,555.371098,21.68
1/1/2010,220.783,1.159205143,-66.44666333,15415.145,1.710253538,152.7379382,2.82,48.42105263,-3345.8142,3.84,41.69741697,-2941.369414,11.772,20.76323348,1208.558733,83.45,68.11039484,-989.4089462,79.46,-7.421647443,347.4066676,4668000,-21.34793597,-2793.053909,92.08583333,2.127144381,759.3170052,1.736,0.173110214,476.1280473,17.59
4/1/2010,221.194,0.950198985,-20.90061577,15557.277,2.796066662,108.5813124,2.36,-2.479338843,-5090.039147,2.97,-15.86402266,-5756.143964,11.598,14.2772687,-648.596478,75.59,8.264107706,-5984.628714,81.87,-3.477953313,394.369413,4484000,-32.24539136,-1089.745538,93.89433333,7.187228995,506.0084615,1.743,2.049180328,187.6070114,34.54
7/1/2010,221.711,0.81438705,-13.58119352,15671.967,3.178207547,38.21408856,2.11,-10.59322034,-811.3881496,2.53,-23.56495468,-770.093202,11.922,25.03408495,1075.681625,79.95,13.46863469,520.4526981,81.54,4.071474154,754.9427467,4431000,-25.05074425,719.4647108,95.1207,6.979803474,-20.74255209,1.743,1.929824561,-11.93557665,23.7
10/1/2010,222.343,0.661894866,-15.24921834,15750.625,2.569454999,-60.8752548,2.69,-0.73800738,985.5212959,3.3,-14.28571429,927.9240397,12.605,11.70684155,-1332.72434,91.38,15.10265777,163.4023079,77.27,1.27129751,-280.0176645,4088000,-18.02686986,702.3874387,95.43636667,5.676254861,-130.3548613,1.74,0.811123986,-111.8700575,17.75
1/1/2011,223.454,1.209785174,54.78903072,15712.754,1.930627315,-63.88276846,2.67,-5.319148936,-458.1141556,3.47,-9.635416667,465.0297619,13.259,12.63166837,92.482682,106.19,27.24985021,1214.719244,77.73,-2.177196073,-344.8493583,3766000,-19.32305056,-129.6180695,95.97203333,4.220193117,-145.6061744,1.723,-0.748847926,-155.9971912,17.74
4/1/2011,224.697,1.583677677,37.38925029,15825.096,1.721503063,-20.91242524,2.73,15.6779661,2099.711504,3.18,7.070707071,1670.612374,11.886,2.483186756,-1014.848161,95.3,26.07487763,-117.497258,72.93,-10.91975082,-874.2554751,3719000,-17.06066012,226.2390432,96.35726667,2.623090495,-159.7102622,1.714,-1.663798049,-91.49501231,16.52
7/1/2011,226.118,1.987722756,40.40450796,15820.7,0.949038497,-77.2464566,1.67,-20.85308057,-3653.104667,1.92,-24.11067194,-3118.137901,13.356,12.02818319,954.4996434,78.93,-1.275797373,-2735.0675,73.9,-9.369634535,155.0116289,3707000,-16.33942677,72.12333589,97.4839,2.484422423,-13.8668072,1.65,-5.335628227,-367.1830178,42.96
10/1/2011,227.405,2.276662634,28.89398777,16004.107,1.609345661,66.03071643,1.64,-39.03345725,-1818.037668,1.89,-42.72727273,-1861.660079,13.798,9.464498215,-256.3684975,98.83,8.152768658,942.8566032,76.17,-1.423579656,794.6054879,3566000,-12.76908023,357.0346531,98.45103333,3.158823803,67.44013794,1.643,-5.574712644,-23.90844165,23.4
1/1/2012,228.478,2.248337465,-2.832516843,16129.418,2.651756656,104.2410995,1.9,-28.83895131,1019.450594,2.23,-35.73487032,699.240241,14.594,10.06863263,60.4134415,103.03,-2.975798098,-1112.856676,79.29,2.006947125,343.052678,3286000,-12.74561869,2.346154126,99.3893,3.560690076,40.18662734,1.639,-4.875217644,69.9495,15.5
4/1/2012,229.623,2.192285611,-5.605185414,16198.807,2.361508581,-29.02480747,1.34,-50.91575092,-2207.67996,1.67,-47.48427673,-1174.940641,14.467,21.71462224,1164.598961,85.04,-10.7660021,-779.0204001,78.78,8.021390374,601.444325,3304000,-11.15891369,158.6705007,100.0219333,3.803207369,24.25172932,1.629,-4.95915986,-8.394221633,17.08
7/1/2012,230.659,2.008243483,-18.40421278,16220.667,2.528124546,16.66159646,1.42,-14.97005988,3594.569104,1.65,-14.0625,3342.177673,15.099,13.05031447,-866.430777,92.18,16.78702648,2755.302858,82.64,11.82679296,380.5402589,3309000,-10.73644456,42.24691221,100.0321,2.613970102,-118.9237268,1.606,-2.666666667,229.2493193,15.73
10/1/2012,231.725,1.899694378,-10.85491056,16239.138,1.468566787,-105.9557758,1.53,-6.707317073,826.2742807,1.78,-5.82010582,824.239418,15.462,12.0597188,-99.059567,91.83,-7.082869574,-2386.989605,79.92,4.923198109,-690.3594854,3127000,-12.31071228,-157.4267718,100.5566667,2.138762044,-47.52080572,1.582,-3.712720633,-104.6053966,18.02
1/1/2013,232.794,1.889022138,-1.067224007,16382.964,1.571947605,10.3380818,1.62,-14.73684211,-802.9525032,1.87,-16.14349776,-1032.339194,15.721,7.722351651,-433.7367149,97.24,-5.619722411,146.3147163,79.21,-0.100895447,-502.4093557,3080000,-6.269020085,604.1692197,101.3437667,1.966475935,-17.22861093,1.579,-3.660768761,5.195187155,12.7
4/1/2013,233.35,1.623095247,-26.59268904,16403.18,1.261654639,-31.02929662,2.16,61.19402985,7593.087196,2.52,50.89820359,6704.170135,16.149,11.62646022,390.4108569,96.36,13.31138288,1893.110529,81.75,3.769992384,387.0887831,3003000,-9.110169492,-284.1149406,101.7796333,1.757314562,-20.91613729,1.567,-3.806015961,-14.52471993,16.86
7/1/2013,234.7,1.751936842,12.88415944,16531.685,1.917418069,65.576343,2.31,62.67605634,148.2026487,2.64,60,910.1796407,15.857,5.020200013,-660.6260207,102.36,11.04361033,-226.7772551,81.45,-1.439980639,-520.9973023,2944000,-11.03052282,-192.0353325,102.1427,2.109922715,35.26081525,1.563,-2.677459527,112.8556434,16.6
10/1/2013,235.759,1.740856619,-1.108022299,16663.649,2.614122745,69.67046755,2.66,73.85620915,1118.015281,3.04,70.78651685,1078.651685,15.835,2.4123658,-260.7834213,98.17,6.904061853,-413.9548474,80.19,0.337837838,177.7818477,2807000,-10.23345059,79.70722249,102.8418,2.272483177,16.25604622,1.557,-1.580278129,109.7181398,13.72
1/1/2014,236.625,1.645660971,-9.519564819,16616.54,1.425724918,-118.8397827,2.29,41.35802469,-3249.818446,2.73,45.98930481,-2479.721204,16.985,8.040201005,562.7835205,101.57,4.452900041,-245.1161812,81.31,2.651180407,231.3342569,2729000,-11.3961039,-116.2653304,103.6340667,2.25993179,-1.255138706,1.536,-2.723242559,-114.296443,13.88
4/1/2014,237.837,1.922862653,27.7201682,16841.475,2.672012378,124.628746,2.06,-4.62962963,-4598.765432,2.53,0.396825397,-4559.247942,17.516,8.464920429,42.4719424,106.07,10.07679535,562.389531,79.47,-2.788990826,-544.0171232,2579000,-14.11921412,-272.3110223,105.0201333,3.183839334,92.3907544,1.541,-1.659221442,106.4021116,11.57
7/1/2014,238.786,1.740945888,-18.19167643,17047.098,3.117728169,44.57157906,1.94,-16.01731602,-1138.768639,2.52,-4.545454545,-494.2279942,16.959,6.949612159,-151.530827,91.17,-10.93200469,-2100.880004,81.46,0.012277471,280.1268297,2427000,-17.5611413,-344.1927185,105.6427,3.426578698,24.27393643,1.546,-1.087651951,57.15694909,16.31
10/1/2014,239.584,1.622419505,-11.85263837,17143.038,2.876854883,-24.08732853,1.5,-43.60902256,-2759.170654,2.17,-28.61842105,-2407.296651,17.178,8.481212504,153.1600345,53.45,-45.55363146,-3462.162677,86.92,8.392567652,838.0290181,2422000,-13.71571072,384.5430581,106.3358667,3.397516055,-2.906264283,1.538,-1.22029544,-13.26434886,19.2
1/1/2015,240.755,1.745377707,12.29582027,17305.752,4.147746763,127.089188,1.38,-39.73799127,387.103129,1.94,-28.93772894,-31.93078851,17.885,5.298793053,-318.2419451,47.72,-53.01762331,-746.3991858,94.8,16.59082524,819.8257585,2278000,-16.52620007,-281.048935,105.5231667,1.822856191,-157.4659865,1.523,-0.846354167,37.39412733,15.29
4/1/2015,242.064,1.777267624,3.188991712,17422.845,3.452013556,-69.57332073,1.71,-16.99029126,2274.77,2.35,-7.114624506,2182.310443,17.869,2.015300297,-328.3492756,59.48,-43.92382389,909.3799424,94.6,19.03863093,244.7805693,2312000,-10.35284994,617.3350131,104.1062667,-0.870182352,-269.3038543,1.525,-1.038286827,-19.19326601,18.23
7/1/2015,243.316,1.897096145,11.98285202,17486.021,2.574766685,-87.72468712,1.42,-26.80412371,-981.3832449,2.06,-18.25396825,-1113.934375,18.259,7.665546318,565.0246021,45.06,-50.57584732,-665.2023428,97.34,19.4942303,45.55993672,2240000,-7.704985579,264.7864363,104.0877333,-1.471911137,-60.17287846,1.516,-1.940491591,-90.22047645,24.5
10/1/2015,244.547,2.071507279,17.44111346,17514.062,2.164283833,-41.04828512,1.21,-19.33333333,747.0790378,2.27,4.608294931,2286.226318,17.48,1.758062638,-590.748368,37.13,-30.53320861,2004.263871,96.95,11.53934653,-795.4883772,2207000,-8.876961189,-117.197561,102.7285333,-3.392395667,-192.048453,1.499,-2.535760728,-59.5269137,18.21
1/1/2016,245.964,2.163610309,9.210302995,17613.264,1.776935206,-38.73486272,1.05,-23.91304348,-457.9710145,1.78,-8.24742268,-1285.571761,17.394,-2.745317305,-450.3379943,36.94,-22.59010897,794.3099637,99.61,5.073839662,-646.5506863,2169000,-4.784899034,409.2062155,102.1968333,-3.152230395,24.01652722,1.474,-3.217334209,-68.15734806,13.95
4/1/2016,247.435,2.218834688,5.522437911,17668.203,1.408254507,-36.86806991,0.91,-46.78362573,-2287.058225,1.49,-36.59574468,-2834.8322,17.736,-0.744305781,200.1011524,48.27,-18.84667115,374.3437819,93.08,-1.606765328,-668.060499,2132000,-7.785467128,-300.0568094,101.6070667,-2.400623978,75.16064171,1.463,-4.06557377,-84.82395617,15.63
7/1/2016,248.709,2.216459255,-0.237543372,17764.388,1.591940213,18.3685706,0.83,-41.54929577,523.4329956,1.6,-22.33009709,1426.564759,17.944,-1.725176625,-98.0870844,47.72,5.903240124,2474.991127,95.53,-1.859461681,-25.2696353,2086000,-6.875,91.0467128,102.0736333,-1.935002267,46.56217105,1.452,-4.221635884,-15.60621134,13.29
10/1/2016,249.959,2.213071516,-0.338773873,17876.179,2.067578612,47.56383987,1.25,3.305785124,4485.50809,2.45,7.929515419,3025.961251,18.218,4.221967963,594.7144588,53.75,44.76164826,3885.840814,98.44,1.536874678,339.6336358,2060000,-6.660625283,21.43747168,102.4091,-0.310948987,162.4053281,1.447,-3.46897932,75.26565644,14.04
1/1/2017,250.894,2.004358361,-20.87131545,17977.299,2.066823049,-0.075556316,1.13,7.619047619,431.3262495,2.4,34.83146067,2690.194526,17.127,-1.535012073,-575.6980036,50.54,36.81645912,-794.518914,99.51,-0.100391527,-163.7266205,2018000,-6.961733518,-30.11082346,103.0091667,0.794871335,110.5820321,1.442,-2.170963365,129.8015955,12.37
4/1/2017,251.714,1.72934306,-27.50153016,18054.052,2.18386103,11.70379811,0.93,2.197802198,-542.1245421,2.31,55.03355705,2020.209637,17.184,-3.112313938,-157.7301865,46.02,-4.661280298,-4147.773942,99.05,6.413837559,651.4229086,1970000,-7.598499062,-63.67655442,104.4233,2.77169042,197.6819086,1.433,-2.050580998,12.0382367,11.18
7/1/2017,252.888,1.68027695,-4.906610962,18185.636,2.371306008,18.74449785,0.86,3.614457831,141.6655634,2.33,45.625,-940.8557047,18.324,2.11769951,523.0013448,51.67,8.277451802,1293.87321,92.86,-2.794933529,-920.8771088,1930000,-7.478427613,12.00714493,104.2134667,2.096362463,-67.5327958,1.435,-1.170798898,87.97820999,9.51
10/1/2017,254.38,1.768690065,8.8413115,18359.432,2.70333498,33.20289716,0.51,-59.2,-6281.445783,2.4,-2.040816327,-4766.581633,17.714,-2.766494676,-488.4194186,60.46,12.48372093,420.6269128,94.55,-3.951645672,-115.6712144,1847000,-10.33980583,-286.1378213,106.1192333,3.62285513,152.6492668,1.445,-0.138217001,103.2581897,11.04
1/1/2018,256.075,2.065015505,29.63254394,18530.483,3.077125212,37.37902322,0.47,-58.40707965,79.2920354,2.74,14.16666667,1620.748299,17.706,3.38062708,614.7121756,64.87,28.35377918,1587.005825,89.13,-10.43111245,-647.9466779,1846000,-8.523290387,181.6515439,106.7197667,3.602203687,-2.065144301,1.456,0.970873786,110.9090787,19.97
4/1/2018,257.422,2.267652971,20.26374667,18654.383,3.325187055,24.80618428,0.33,-64.51612903,-610.9049386,2.85,23.37662338,920.995671,17.65,2.711824953,-66.8802127,74.13,61.0821382,3272.835902,91.84,-7.279151943,315.1960508,1738000,-11.77664975,-325.335936,107.9189667,3.347592603,-25.46110843,1.462,2.023726448,105.2852662,16.09
7/1/2018,258.606,2.261080004,-0.657296743,18752.355,3.116300139,-20.88869157,0.24,-72.09302326,-757.6894224,3.05,30.90128755,752.4664177,17.801,-2.85418031,-556.6005263,73.16,41.59086511,-1949.12731,94.49,1.755330605,903.4482549,1672000,-13.36787565,-159.1225901,109.2838333,4.865366088,151.7773485,1.461,1.81184669,-21.18797581,12.12
10/1/2018,259.986,2.203789606,-5.72903977,18813.923,2.475517761,-64.07823782,0.21,-58.82352941,1326.949384,2.69,12.08333333,-1881.795422,17.949,1.326634301,418.0814611,45.15,-25.32252729,-6691.33924,97.13,2.728714966,97.33843604,1687000,-8.662696264,470.5179383,110.3249333,3.963183551,-90.21825372,1.465,1.384083045,-42.77636449,25.42
1/1/2019,261.317,2.047056526,-15.67330797,18950.347,2.265801706,-20.97160548,0.14,-70.21276596,-1138.923655,2.41,-12.04379562,-2412.712895,17.83,0.700327573,-62.6306728,60.19,-7.214428858,1810.809843,95.58,7.236620666,450.7905701,1705000,-7.638136511,102.4559753,109.7875667,2.874631473,-108.8552079,1.459,0.206043956,-117.8039089,13.71
4/1/2019,262.925,2.137734926,9.067839912,19020.599,1.963163295,-30.26384111,0.25,-24.24242424,4597.034172,2,-29.8245614,-1778.076578,17.74,0.509915014,-19.0412559,58.2,-21.4892756,-1427.484674,97.48,6.141114983,-109.5505684,1717000,-1.208285386,642.9851126,109.1642,1.153859578,-172.0771895,1.454,-0.547195622,-75.32395785,15.08
7/1/2019,264.682,2.349520119,21.17851939,19141.744,2.076480527,11.33172322,0.05,-79.16666667,-5492.424242,1.68,-44.91803279,-1509.347138,17.643,-0.887590585,-139.7505599,54.09,-26.06615637,-457.6880773,98.52,4.265001587,-187.6113395,1698000,1.555023923,276.3309309,109.4706667,0.170961548,-98.28980298,1.442,-1.300479124,-75.32835015,16.24
10/1/2019,265.832,2.248582616,-10.09375034,19253.959,2.338884878,26.24043506,0.34,61.9047619,14107.14286,1.92,-28.62453532,1629.349747,17.289,-3.677085074,-278.9494489,61.14,35.41528239,6148.143876,97.35,0.226500566,-403.8501021,1775000,5.216360403,366.133648,109.5728333,-0.681713532,-85.26750804,1.427,-2.593856655,-129.3377531,13.78
1/1/2020,266.795,2.096304488,-15.22781276,19010.848,0.319260645,-201.9624233,0.47,235.7142857,17380.95238,0.7,-70.95435685,-4232.982153,11.809,-33.76892877,-3009.18437,20.51,-65.92457219,-10133.98546,97.39,1.893701611,166.7201045,7446000,336.7155425,33149.91821,107.6941333,-1.906803654,-122.5090122,1.381,-5.346127485,-275.2270829,53.54
4/1/2020,266.065,1.194256917,-90.2047571,17282.188,-9.139622785,-945.8883429,0.5,100,-13571.42857,0.66,-67,395.4356846,13.359,-24.69560316,907.332561,39.27,-32.5257732,3339.879899,99.57,2.144029545,25.03279333,17760000,934.3622598,59764.67172,93.48143333,-14.36621774,-1245.941409,1.102,-24.2090784,-1886.295092,30.43
,.,,,,,,,,,,,,,,,,,,,,,,,,,,,,,,
